full_name,S&P500,S&P500(change%),Real Interest Rate,Final consumption expenditure (current US$/billion),GDP (current US$/billion),GDP deflator (base year varies by country),"Inflation, GDP deflator (annual %)",Real GDP,GDP adjusted inflation,The percentage growth rate of GDP adjusted inflation,The percentage growth rate of GDP,GDP_growth_per_capita(%),the ratio of the domestic credit to private sector by banks to GDP,the ratio of government final consumption expenditure,Real government final expenditure,General government final consumption expenditure (annual % growth),the ratio of domestic savings to GDP,Real Total Savings,the percentage growth rate of real total savings,the ratio of the private sector's domestic credit to GDP,the total amount of private sector's domestic credit,the percentage growth rate of private sector's domestic credit,the ratio of trade to GDP,Total amount of TRADE,the percentage growth rate of total TRADE,Broad_money,total amount of the broad money,the percentage growth rate of the broad money,Population_total(million),"population(15-64,milion)",the percntage growth rate of total population,Unemployment(%),the number of working people(million),the percentage growth rate of working people,R&D(total/billion$),R&D_change(%),the number of the issued patents during the year,the percentage growth rate of the number of the issued patents,Gross capital formation (annual % growth),Gross fixed capital formation (annual % growth),dummy
Time,S&P500,S&P500(G%),RIR(%),FCE,GDP,GDPDEF,INF,RGDP,GDPIF,GDPIF(G%),GDP(G%),GDP(G%P),BCP(%),GCE(%),RGFI,RGFI(G%),GDS(%),RTS,ST(G%),GDPP(%),PSDC,PSDC(G%),TRADE(%),TRADE(T),TRADE(G%),BM(%),BM(T),BM(G%),POP(TM),POP(1564M),POP(G%),UNE(%),WP(M),WP(G%),R&D(T),R&D(G%),ISS,ISS(G%),GCF(G%),GFCF(G%),dummy
1960,58.03,NA,NA,NA,5.43E+02,15.71508388,NA,3.46E+03,5.43E+02,NA,NA,NA,38.92729615,NA,NA,NA,NA,NA,NA,70.87483112,2.45E+03,NA,NA,NA,NA,60.04767164,2.07E+03,NA,180.671,108.751648,NA,6.6,101.5740392,NA,NA,NA,47170,NA,NA,NA,0
1961,59.72,2.912286748,3.107884875,NA,5.63E+02,15.9272617,1.350153896,3534.8198,555.4998965,2.30E+00,2.3,0.618121193,40.72288301,NA,NA,NA,NA,NA,NA,75.08011696,2.65E+03,8.37E+00,NA,NA,NA,62.66163678,2.21E+03,6.76E+00,183.691,110.226924,1.671546623,6,103.6133086,2.00766792,NA,NA,48368,2.539749841,NA,NA,0
1962,69.07,15.65639652,3.215345976,NA,6.05E+02,16.12549793,1.244634712,3751.822132,597.5625293,7.57E+00,6.1,4.480669354,42.35828789,NA,NA,NA,NA,NA,NA,75.55093829,2.83E+03,8.25E+00,NA,NA,NA,63.54437283,2.38E+03,7.63E+00,186.538,111.905684,1.549885405,5.5,105.7508714,2.063019538,NA,NA,55691,15.14017532,NA,NA,0
1963,65.06,-5.805704358,3.374882242,NA,6.39E+02,16.30100559,1.088386011,3920.003564,632.1200933,5.78E+00,4.4,2.908271948,45.37253367,NA,NA,NA,NA,NA,NA,80.29437955,3.15E+03,1.24E+01,NA,NA,NA,65.82085813,2.58E+03,8.23E+00,189.242,113.731994,1.449570597,5.5,107.4767343,1.632008207,NA,NA,45675,-17.98495269,NA,NA,0
1964,76.45,17.50691669,2.951669,NA,6.86E+02,16.54616288,1.503939679,4145.976351,675.8358367,6.92E+00,5.8,4.340548963,47.16258384,NA,NA,NA,NA,NA,NA,83.14270949,3.45E+03,1.07E+01,NA,NA,NA,66.82633421,2.77E+03,7.38E+00,191.889,115.648528,1.398738124,5,109.8661016,2.223148401,NA,NA,47373,3.717569787,NA,NA,0
1965,86.12,12.64879006,2.565913126,NA,7.44E+02,16.86382039,1.919825811,4411.811695,729.985549,8.01E+00,6.4,5.07809761,49.06037381,NA,NA,NA,NA,NA,NA,86.13702154,3.80E+03,1.19E+01,NA,NA,NA,66.93653355,2.95E+03,6.59E+00,194.303,117.498168,1.258018959,4,112.7982413,2.668830201,NA,NA,62853,32.67684124,NA,NA,0
1966,93.32,8.360427311,2.649420629,NA,8.15E+02,17.35266519,2.898778535,4696.684867,792.0405,8.50E+00,6.5,5.277113858,48.22846626,NA,NA,NA,NA,NA,NA,83.50616802,3.92E+03,5.19E+00,NA,NA,NA,63.96355828,3.00E+03,1.73E+00,196.56,119.261689,1.161587829,3.8,114.7297448,1.712352496,NA,NA,68395,8.817399329,NA,NA,0
1967,84.45,-9.504929276,2.406227032,NA,8.62E+02,17.89949615,3.151279366,4815.778013,835.665835,5.51E+00,2.5,1.389951286,48.89184171,NA,NA,NA,NA,NA,NA,87.01833295,4.19E+03,9.95E+00,NA,NA,NA,66.71463386,3.21E+03,6.95E+00,198.712,121.032978,1.094831095,3.8,116.4337248,1.485212055,NA,NA,65634,-4.036844799,NA,NA,0
1968,95.04,12.53996448,1.863911247,NA,9.43E+02,18.68120084,4.367188241,5047.855371,903.5406778,8.12E+00,4.8,3.758819368,49.16222812,NA,NA,NA,NA,NA,NA,87.85058724,4.43E+03,9.16E+00,NA,NA,NA,66.35002653,3.35E+03,4.25E+00,200.706,122.787231,1.003462297,3.4,118.6124651,1.871227863,NA,NA,59073,-9.996343359,NA,NA,0
1969,102,7.323232323,2.851773364,NA,1.02E+03,19.60750603,4.95848845,5202.089438,971.8127758,7.56E+00,3.1,2.097369706,49.60770664,NA,NA,NA,NA,NA,NA,86.75950943,4.51E+03,6.22E+00,NA,NA,NA,61.90234337,3.22E+03,-3.85E+00,202.677,124.627447,0.982033422,3.5,120.2654864,1.393632026,NA,NA,67531,14.31787788,NA,NA,0
1970,90.31,-11.46078431,2.280321199,839.51,1.07E+03,20.70098965,5.576862342,5168.835009,1013.479636,4.29E+00,-0.322760836,-1.477265269,49.63873203,17.96184302,928.4180303,NA,21.78257212,1125.905214,NA,87.67668434,4.53E+03,5.39E+00,10.7582854,556.0780221,NA,65.40166197,3.38E+03,4.98E+00,205.052,126.8282,1.171815253,6.1,119.0916798,-0.976012849,NA,NA,64377,-4.670447646,NA,NA,0
1971,93.49,3.521204739,0.622615404,908.897,1.16E+03,21.75035522,5.06915657,5333.246231,1104.03475,8.94E+00,3.293362387,1.995610847,50.74318582,17.9387904,956.7198628,0.084814722,21.97304374,1171.876527,4.083053603,91.11707885,4.86E+03,1.32E+01,10.75717904,573.7068457,3.170206848,68.67133107,3.66E+03,8.34E+00,207.661,129.42786,1.272360182,6,121.6621884,2.158428367,NA,NA,78251,21.55117511,5.449968852,NA,0
1972,103.3,10.49310087,0.887217688,993.651,1.28E+03,22.6905716,4.322763334,5641.109543,1226.961364,1.11E+01,5.258895348,4.138084894,53.8905958,17.62928912,994.4875109,0.362414257,22.31700167,1258.926511,7.428255613,95.79130338,5.40E+03,1.68E+01,11.34061965,639.7367773,11.50935049,71.03611105,4.01E+03,9.41E+00,209.896,131.809995,1.076273349,5.2,124.9558753,2.707239565,NA,NA,74720,-4.512402397,7.817006405,NA,0
1973,118.4,14.61761859,2.409732336,1088.7,1.43E+03,23.93398856,5.479883796,5974.76679,1355.708737,1.05E+01,5.645719473,4.642152691,56.48537649,16.77627517,1002.343318,-0.856463386,23.62015356,1411.249091,12.09940203,94.83886997,5.67E+03,9.39E+00,13.07928575,781.4568214,22.15286804,70.23353838,4.20E+03,4.72E+00,211.909,134.079604,0.959046385,4.9,127.5097034,2.043783931,NA,NA,73974,-0.998394004,8.987419657,7.076997589,0
1974,96.11,-18.82601351,1.651069705,1195.366,1.55E+03,26.08773375,8.998689001,5941.489646,1422.035452,4.89E+00,-0.54054653,-1.445129268,57.35855137,17.1626728,1019.718427,2.159960104,22.64219932,1345.283928,-4.674239498,92.28667856,5.48E+03,2.07E+00,16.44498632,977.0771596,25.03277632,69.87153477,4.15E+03,-1.07E+00,213.854,136.355556,0.917846812,7.2,126.537956,-0.762096824,NA,NA,75982,2.714467245,-4.828666241,-3.903178863,1
1975,72.56,-24.50317345,-1.281427033,1327.272,1.68E+03,28.50414159,9.262620752,5893.880349,1537.579813,8.13E+00,-0.205464005,-1.184589274,54.1266446,17.61079563,1037.959223,2.440515195,21.22566033,1251.015023,-7.007361292,90.47470672,5.33E+03,6.00E+00,15.51637363,914.5164962,-6.40283756,70.60224203,4.16E+03,2.36E-01,215.973,138.793845,0.990862925,8.2,127.4127497,0.69132909,NA,NA,71620,-5.740833355,-12.41663816,-7.300124601,0
1976,96.86,33.48952591,1.266891593,1462.173,1.87E+03,30.07283467,5.503386473,6218.23656,1772.454954,1.53E+01,5.38813922,4.391462801,53.75998446,16.7879783,1043.916204,0.001311441,21.95133799,1364.986124,9.11029038,89.88468586,5.59E+03,1.45E+01,16.04884564,997.9551871,9.123803806,69.98012183,4.35E+03,4.57E+00,218.035,140.769589,0.954748973,7.8,129.7895611,1.865442356,81.9,NA,69817,-2.517453225,14.97177644,8.032113966,0
1977,103.8,7.164980384,0.575074758,1615.144,2.08E+03,31.94136828,6.213360436,6511.93143,1958.322372,1.05E+01,4.624159212,3.577152792,55.66118398,16.38796902,1067.173305,1.776192438,22.41695512,1459.776746,6.94443848,90.17645152,5.87E+03,1.08E+01,16.41789468,1069.122044,7.131267775,70.55320666,4.59E+03,5.58E+00,220.239,142.933887,1.010846882,6.4,133.7861182,3.079259276,87.6,6.95970696,65309,-6.456880129,11.02080374,10.32892693,0
1978,90.25,-13.0539499,1.889901103,1793.022,2.35E+03,34.1880708,7.033833071,6873.742638,2195.567451,1.21E+01,5.535302696,4.422982369,56.63363524,15.76671873,1083.763668,1.77891005,23.75307185,1632.725028,11.84758437,91.63124374,6.30E+03,1.39E+01,16.97283423,1166.668943,9.124019112,69.49922159,4.78E+03,3.98E+00,222.585,145.209985,1.065206435,6,136.4973859,2.026568777,90.1,2.853881279,66069,1.163698725,10.68032709,10.65313296,1
1979,99.71,10.48199446,4.034513098,1990.125,2.63E+03,37.02451593,8.296593104,7103.401446,2428.515916,1.06E+01,3.166150268,2.03389197,56.61918127,15.4036373,1094.182195,0.765281391,24.25306413,1722.792508,5.516390027,92.94549691,6.60E+03,1.22E+01,18.37619427,1305.33485,11.88562591,68.29672208,4.85E+03,1.55E+00,225.055,147.489425,1.109688434,6,138.6400595,1.569754311,91.5,1.553829079,48917,-25.96073802,3.853116263,5.698898005,0
1980,110.9,11.22254538,5.716428328,2204.317,2.86E+03,40.36895448,9.033037876,7084.652147,2623.058163,8.01E+00,-0.256751936,-1.209300504,55.07311605,15.87683788,1124.818736,1.498138809,22.85333708,1619.079436,-6.020055904,94.35486599,6.68E+03,9.65E+00,20.10984469,1424.712544,9.145369409,69.50639186,4.92E+03,1.50E+00,227.225,149.446558,0.964208749,7.2,138.6864058,0.033429227,91.3,-0.218579235,61837,26.41208578,-7.704101012,-4.292458213,0
1981,133,19.92786294,8.594585291,2440.992,3.21E+03,44.18873746,9.462179609,7264.294444,2932.519717,1.18E+01,2.537718701,1.53631968,52.26052543,15.81023884,1148.502302,1.601939253,23.88649728,1735.185495,7.171115648,89.23797984,6.48E+03,5.73E+00,19.42590711,1411.155091,-0.951592142,69.39765678,5.04E+03,2.38E+00,229.466,151.362184,0.986247112,8.5,138.4963984,-0.137005065,93.9,2.847754655,65872,6.525219529,6.77104484,1.907784195,0
1982,117.3,-11.80451128,8.17739544,2625.786,3.34E+03,46.91881504,6.178220381,7118.679355,3145.654531,7.27E+00,-1.802874452,-2.734556897,51.33392089,16.58385143,1180.551208,2.330131939,21.47273647,1528.575258,-11.90709796,92.61092632,6.59E+03,1.13E+01,17.53681228,1248.389435,-11.53421453,73.23697757,5.21E+03,3.42E+00,231.664,153.152361,0.957876112,10.8,136.611906,-1.360679716,91.1,-2.981895634,57943,-12.03698081,-10.1760395,-4.965581754,0
1983,144.3,23.01790281,6.61817445,2876.998,3.63E+03,48.75651867,3.916773332,7445.158307,3493.180055,1.10E+01,4.583927309,3.631993122,51.63173858,16.38378575,1219.798786,3.024743067,20.83192306,1550.96965,1.465050009,96.1092728,7.16E+03,1.52E+01,16.66559348,1240.779817,-0.609554828,72.96137245,5.43E+03,4.19E+00,233.792,154.780871,0.918571725,8.3,141.9340587,3.89581908,90.2,-0.987925357,57022,-1.589493123,8.670421516,7.25926272,0
1984,166.4,15.31531532,8.141074844,3127.068,4.04E+03,50.51551643,3.607718113,7997.542707,3899.323403,1.16E+01,7.236620004,6.312154623,53.51919562,15.72037736,1257.243893,1.499138463,22.55156698,1803.5712,16.28668557,96.79606787,7.74E+03,1.24E+01,17.52243219,1401.363998,12.94219797,73.89905868,5.91E+03,8.80E+00,235.825,156.244645,0.869576376,7.3,144.8387859,2.046532895,100.1,10.97560976,67263,17.95973484,23.74250336,15.00920653,0
1985,171.6,3.125,6.563326293,3403.47,4.34E+03,52.11304207,3.162445437,8328.049615,4206.957272,7.89E+00,4.169655945,3.250656148,55.05083108,15.91710861,1325.584702,4.808729249,21.56057911,1795.575726,-0.4433135,103.684613,8.63E+03,1.56E+01,16.60390613,1382.781541,-1.326026435,74.46922421,6.20E+03,4.94E+00,237.924,157.666869,0.890066787,7,146.6301882,1.236824991,108.9,8.791208791,71663,6.541486404,2.402964749,7.004704261,0
1986,208.2,21.32867133,6.193866159,3624.267,4.58E+03,53.16254445,2.013895821,8615.088024,4489.584446,6.72E+00,3.462651721,2.510891665,56.72201538,16.11459526,1388.286566,4.588522411,20.86115672,1797.207014,0.090850445,110.1617105,9.49E+03,1.34E+01,16.89797715,1455.775606,5.278785039,77.17093364,6.65E+03,7.20E+00,240.133,158.879201,0.92844774,6.6,148.3931737,1.202334609,112.5,3.305785124,70803,-1.200061398,1.811257515,3.145875354,0
1987,264.5,27.04130644,5.59256508,3853.172,4.86E+03,54.47698438,2.472492502,8921.19866,4742.736203,5.64E+00,3.459572554,2.538941249,56.85834716,16.00120695,1427.49946,1.95754732,20.63848872,1841.200579,2.447885222,112.619055,1.00E+04,8.00E+00,17.97358098,1603.458866,10.14464449,75.74927166,6.76E+03,1.65E+00,242.289,160.025595,0.897835783,5.7,150.9041361,1.692101016,118.1,4.977777778,82814,16.96397045,3.499409841,1.76810988,0
1988,250.5,-5.293005671,5.590367092,4150.467,5.24E+03,56.39862528,3.527436273,9291.006605,5061.460216,6.72E+00,4.177046383,3.235401335,57.3356927,15.66816985,1455.730696,1.985103246,20.738735,1926.837239,4.651131467,113.6908621,1.06E+04,7.74E+00,19.07010071,1771.804317,10.49889427,75.00419178,6.97E+03,3.12E+00,244.499,161.1869,0.912133857,5.3,152.6439943,1.152955939,119.1,0.846740051,77832,-6.015891033,1.688886248,2.311966145,0
1989,285.4,13.93213573,6.690695342,4458.186,5.64E+03,58.60964314,3.920339987,9622.989832,5427.233976,7.23E+00,3.672656328,2.698174774,56.12144116,15.62379688,1503.476385,3.075297576,20.97628678,2018.545944,4.759546033,117.5399525,1.13E+04,1.09E+01,19.41512839,1868.315831,5.447075245,73.31970831,7.06E+03,1.25E+00,246.819,162.42123,0.948879137,5.4,153.6504836,0.65937039,120.5,1.175482788,95500,22.70017474,3.622641271,2.930515281,0
1990,339.97,19.12053259,6.039744377,4757.18,5.96E+03,60.80359811,3.743334456,9802.051499,5744.947404,5.85E+00,1.885960324,0.741481519,52.71980687,15.90077315,1558.601973,2.743646573,20.223627,1982.330334,-1.794143476,114.7914257,1.13E+04,3.38E+00,19.81505058,1942.281462,3.9589469,71.223519,6.98E+03,-1.05E+00,249.623,163.996615,1.136055166,6.3,153.6648283,0.009335929,120.2,-0.248962656,90407,-5.332984293,-1.027051881,-0.104831123,0
1991,325.49,-4.259199341,4.91535245,4948.306,6.16E+03,62.85982724,3.381755673,9799.581499,5958.498151,3.72E+00,-0.108259105,-1.434194515,49.0864839,16.31756983,1599.053554,1.744587246,19.6459509,1925.22097,-2.88092065,119.1776729,1.17E+04,7.68E+00,19.78644812,1938.989109,-0.169509585,70.00324287,6.86E+03,-1.74E+00,252.981,165.77456,1.345228605,7.3,153.6730171,0.005329001,120.1,-0.083194676,96431,6.663200858,-5.253821833,-4.107017144,0
1992,416.08,27.83188424,3.884240016,5245.942,6.52E+03,64.29234511,2.278908386,10141.1762,6374.725838,6.99E+00,3.522442487,2.096614698,45.64234278,16.07868746,1630.568026,0.65019976,19.54480197,1982.072805,2.953003147,118.2431638,1.20E+04,6.15E+00,19.9505945,2023.224941,4.344316908,66.01336099,6.69E+03,-2.41E+00,256.514,167.746558,1.396547567,7.4,155.3333127,1.080408019,122.6,2.081598668,97437,1.043232985,5.505542519,4.100043655,0
1993,435.23,4.602480292,3.546688729,5525.024,6.86E+03,65.81561096,2.369280275,10423.05906,6701.229101,5.12E+00,2.752844327,1.406757912,44.36577713,15.64526893,1630.71562,-0.055364084,19.44336996,2026.593934,2.246190363,120.9945322,1.26E+04,7.57E+00,20.0446187,2089.262445,3.263972423,63.1321973,6.58E+03,-1.71E+00,259.919,169.748497,1.327412929,6.5,158.7148447,2.176952221,121.4,-0.978792822,98340,0.926752671,5.379421972,5.095001509,0
1994,472.99,8.675872527,4.898356137,5829.066,7.29E+03,67.22102352,2.135378736,10844.82148,7137.585517,6.51E+00,4.028839068,2.760927547,44.4738444,15.20605343,1649.069349,0.516573894,20.00991871,2170.039963,7.07818309,120.1830353,1.30E+04,5.80E+00,21.05545916,2283.426958,9.293447727,59.65884733,6.47E+03,-1.68E+00,263.126,171.777026,1.233845929,5.5,162.3292896,2.277319999,115.8,-4.612850082,101607,3.322147651,9.034862613,6.104750149,0
1995,465.25,-1.636398233,6.5940689,6104.333,7.64E+03,68.63053496,2.096831266,11132.07118,7483.092183,4.84E+00,2.684287134,1.468787269,45.83545873,14.94477109,1663.662555,0.271220931,20.09772834,2237.293423,3.099180736,130.1685995,1.45E+04,1.36E+01,22.45338165,2499.526427,9.463822238,60.8150739,6.77E+03,4.64E+00,266.278,173.938717,1.197905186,5.6,164.1981488,1.151276646,113.2,-2.245250432,101392,-0.211599595,2.864560865,5.155778744,0
1996,614.42,32.06233208,6.324007949,6417.484,8.07E+03,69.88718123,1.831030848,11547.18198,7924.892769,5.90E+00,3.77250132,2.572195767,46.26965875,14.52832002,1677.611552,0.449847083,20.50802651,2368.099142,5.846605441,137.6657111,1.59E+04,1.20E+01,22.68707199,2619.71749,4.808553402,62.0770874,7.17E+03,5.88E+00,269.394,176.02686,1.170205575,5.4,166.5214096,1.414912907,111.5,-1.501766784,109492,7.98879596,7.591727651,7.654241795,0
1997,766.22,24.70622701,6.603407039,6757.318,8.58E+03,71.09230949,1.724390999,12068.81597,8434.555288,6.43E+00,4.44721634,3.197252954,46.5805961,14.22932382,1717.310905,1.837751712,21.22092574,2561.114474,8.15064405,146.5798201,1.77E+04,1.33E+01,23.42832108,2827.520956,7.932285327,63.10258971,7.62E+03,6.24E+00,272.657,178.449056,1.211237073,4.7,170.0619504,2.126177534,113.8,2.062780269,111813,2.119789574,9.481793453,7.181131319,0
1998,963.36,25.72890293,7.148191874,7144.856,9.06E+03,71.89246794,1.125520404,12602.15466,8959.162795,6.22E+00,4.481407553,3.270524042,47.25184706,13.98689647,1762.650326,1.872616242,21.16297785,2666.9912,4.13400988,157.8046359,1.99E+04,1.44E+01,22.82589093,2876.554078,1.734138248,65.45841329,8.25E+03,8.32E+00,275.854,180.989043,1.172535457,4.4,173.0255251,1.742644191,115.4,1.405975395,147308,31.74496704,8.660396357,9.293720677,0
1999,1248.77,29.62651553,6.457134913,7630.96,9.63E+03,72.93045392,1.443803518,13204.36043,9492.94059,5.96E+00,4.753235991,3.557193094,47.30806624,14.03725612,1853.529893,2.737257499,20.76392822,2741.743922,2.802885971,171.6233134,2.27E+04,1.52E+01,23.27347266,3073.113215,6.833145899,67.45598085,8.91E+03,7.98E+00,279.04,183.576338,1.154958783,4,176.2332845,1.85392265,120.3,4.24610052,153460,4.176283705,7.951287976,8.324465665,0
2000,1425.59,14.15953298,6.844844184,8200.138,1.03E+04,74.56079556,2.235474411,13814.23028,10074.78085,6.13E+00,4.127484011,2.975208624,48.96822895,14.02601,1937.585321,1.536008287,20.01695584,2765.188376,0.85509276,162.5981392,2.25E+04,5.48E-01,25.04363522,3459.585441,12.57591891,68.50483165,9.46E+03,6.25E+00,282.162411,186.123865,1.1189833,3.9,178.8650343,1.493333003,123.2,2.410640067,157583,2.686693601,6.097963354,6.397547001,0
2001,1335.63,-6.310369742,4.626756867,8603.027,1.06E+04,76.19623094,2.193425336,13911.44925,10372.48724,2.95E+00,0.9983408,0.003648984,50.15307236,14.52861414,2021.140783,3.505939641,18.69994138,2601.432856,-5.922038497,170.851172,2.38E+04,8.18E+00,22.84295783,3177.786487,-8.145454394,71.63700758,9.97E+03,5.31E+00,284.968955,188.528528,0.994655521,5.7,177.7824019,-0.605278949,131.5,6.737012987,166040,5.366695646,-3.99244469,-0.423110526,0
2002,1140.21,-14.63129759,3.045071183,8987.727,1.09E+04,77.40147474,1.581763014,14082.41902,10730.27252,3.45E+00,1.741695243,0.802103845,50.27863127,15.04186143,2118.257955,3.842236777,17.81837404,2509.258095,-3.543230435,162.2957763,2.29E+04,-1.73E+00,22.15427178,3119.857383,-1.822938826,72.40028643,1.02E+04,2.31E+00,287.625193,190.730595,0.932114868,6,179.2867593,0.846179028,145.8,10.87452471,167344,0.785352927,0.472452386,-1.695693192,0
2003,895.84,-21.43201691,2.224101122,9470.095,1.15E+04,78.83889381,1.857095198,14586.70898,11290.32786,5.22E+00,2.861210772,1.980925839,51.45500884,15.2465423,2223.968754,1.838928115,17.35125294,2530.97677,0.865541705,177.3723459,2.59E+04,1.50E+01,22.47710057,3278.669247,5.090356518,72.14616146,1.05E+04,3.22E+00,290.107933,192.788756,0.863185861,5.7,181.7997969,1.401686109,164,12.48285322,168887,0.922052778,4.131582653,4.236905302,0
2004,1132.52,26.41989641,1.604588938,10065.348,1.22E+04,80.96140407,2.692212128,15068.90862,11880.16087,5.22E+00,3.798891123,2.842680638,53.34903058,15.16888067,2285.784768,1.543743094,17.58988693,2650.603989,4.726523762,184.8579609,2.79E+04,9.66E+00,24.35240674,3669.64192,11.92473664,71.56995008,1.08E+04,2.48E+00,292.805298,195.059592,0.929779814,5.4,184.526374,1.499769057,171.3,4.451219512,164172,-2.79180754,7.824860015,5.992811018,0
2005,1181.41,4.316921555,2.981356779,10709.823,1.30E+04,83.48330513,3.114942351,15571.97571,12607.29018,6.12E+00,3.513213796,2.563502406,55.26913595,15.05529773,2344.407306,0.838771845,17.84828904,2779.331235,4.856525024,188.6700689,2.94E+04,8.31E+00,25.55599404,3979.573185,8.445817674,72.46571134,1.13E+04,4.63E+00,295.516599,197.42623,0.925974024,4.9,187.7523447,1.748243696,172.8,0.875656743,143726,-12.45401165,5.609039186,6.059386866,0
2006,1278.73,8.237614376,4.786447647,11333.686,1.38E+04,86.00968078,3.026204637,16044.70552,13394.65047,6.25E+00,2.854972298,1.86795552,57.15619179,15.00831936,2408.040645,1.221469601,17.95870575,2881.421453,3.67319364,198.2978481,3.18E+04,1.17E+01,26.90014861,4316.049629,8.455088722,74.5413607,1.20E+04,5.99E+00,298.379912,199.322426,0.968917824,4.4,190.5522393,1.491270111,173.5,0.405092593,173907,20.99898418,3.057204552,2.674306652,0
2007,1424.16,11.3730029,5.22340589,11905.251,1.45E+04,88.32014069,2.686278908,16417.54631,14120.67917,5.42E+00,1.876171455,0.911865595,59.46942352,15.2147973,2497.896393,1.599568665,17.62131579,2892.98768,0.401407005,206.6707388,3.39E+04,9.87E+00,27.95580207,4589.656751,6.339295094,79.60088598,1.31E+04,9.27E+00,301.231207,201.337589,0.955592145,5,191.2707096,0.377046369,176.2,1.556195965,157461,-9.456778623,-1.619300781,-0.57893455,0
2008,1378.76,-3.187844062,3.082411291,12328.725,1.47E+04,90.03808375,1.945131704,16326.42476,14419.52132,2.12E+00,-0.136579804,-1.076700086,59.77783465,15.98871018,2610.384738,2.371813929,16.20433867,2645.589161,-8.551661698,185.843026,3.03E+04,-8.17E+00,29.88679806,4879.445599,6.313954683,84.58089913,1.38E+04,5.67E+00,304.093966,203.378186,0.95035273,7.3,188.5315784,-1.432070392,175.6,-0.340522134,158065,0.383587047,-6.213792223,-4.205588457,0
2009,865.58,-37.22040094,2.468828896,12272.811,1.44E+04,90.72448908,0.762349991,15872.23047,14291.05217,-8.91E-01,-2.53675707,-3.387435664,54.0127293,16.82202413,2670.03044,4.13738973,15.06078007,2390.481723,-9.642745791,187.8618944,2.98E+04,1.86E-01,24.64156346,3911.165744,-19.84405472,90.87354741,1.44E+04,4.45E+00,306.771529,205.162922,0.88050514,9.9,184.8517927,-1.951813978,175,-0.341685649,167571,6.01398159,-16.59589497,-12.52208329,1
2010,1123.58,29.80660366,2.060736709,12695.979,1.50E+04,91.78165668,1.165250541,16343.13494,14827.22567,3.75E+00,2.563766563,1.7182013,52.4728172,16.7431575,2736.356823,0.109780469,15.31527249,2502.995649,4.706746962,182.6139874,2.98E+04,8.54E-01,28.05795228,4585.549002,17.24251291,85.17091624,1.39E+04,-3.49E+00,309.321666,206.668404,0.831282162,9.3,187.4482424,1.404611588,178.3,1.885714286,220282,31.45592018,10.45754258,2.232246747,0
2011,1282.62,14.15475534,1.13733832,13152.863,1.55E+04,93.69888717,2.088903778,16542.35228,15182.84498,2.40E+00,1.550835504,0.822277546,50.81416287,16.16046899,2673.321711,-3.018367976,15.37529763,2543.435898,1.615673964,175.1181701,2.90E+04,-1.80E+00,30.78929406,5093.273489,11.07227261,87.64475752,1.45E+04,4.16E+00,311.556874,207.885093,0.722616048,8.5,190.2148601,1.475936858,168.7,-5.38418396,225480,2.359702563,4.218059544,4.576502666,0
2012,1300.58,1.400258845,1.307083113,13522.794,1.62E+04,95.49589035,1.917849008,16964.0808,15895.15493,4.69E+00,2.249545851,1.508614153,50.07540796,15.53360411,2635.133153,-1.458473765,16.51053983,2800.861317,10.12116795,175.677368,2.98E+04,5.03E+00,30.56818394,5185.611423,1.81293886,88.22604392,1.50E+04,3.23E+00,313.83099,209.059763,0.729920021,7.9,192.5440417,1.224500335,163.4,-3.141671606,254190,12.73283662,7.662970984,6.869910812,0
2013,1480.4,13.82613911,1.469299287,13849.216,1.68E+04,97.1717628,1.754915786,17288.97317,16510.25886,3.87E+00,1.84208107,1.145053236,49.36273141,15.08506851,2608.053447,-1.896398958,17.48977996,3023.803365,7.959767449,184.6709773,3.19E+04,9.19E+00,30.01300722,5188.940766,0.06420348,88.96825235,1.54E+04,2.77E+00,315.993715,210.066008,0.68913685,6.7,195.9915855,1.790522194,148.1,-9.363525092,279128,9.81077147,4.665742553,3.568418582,0
2014,1822.36,23.09916239,1.332891842,14388.171,1.75E+04,98.96927276,1.849827467,17682.25583,17182.15969,4.07E+00,2.52597345,1.78278554,49.81102853,14.64133724,2588.918707,-0.777509417,17.88392229,3162.280891,4.579581069,184.8949829,3.27E+04,4.20E+00,29.96885036,5299.168789,2.124287562,89.63996279,1.59E+04,3.05E+00,318.301008,211.084681,0.730170535,5.6,199.2639389,1.669639741,150.9,1.89061445,302023,8.202330114,4.394881094,5.13342272,0
2015,2028.18,11.29414605,2.167480568,14905.109,1.82E+04,100,1.041461871,18200,18012.40764,4.83E+00,2.908021861,2.158873603,51.04832833,14.35974679,2613.473916,1.57369621,18.21569448,3315.256395,4.837505247,179.7166263,3.27E+04,1.90E+00,27.73677183,5048.092473,-4.73803206,88.91752348,1.62E+04,2.10E+00,320.635163,212.046899,0.733316873,5,201.4445541,1.094335087,151.1,0.132538105,NA,NA,5.047991243,3.651449834,0
2016,1918.6,-5.402873512,2.391984287,15430.817,1.87E+04,101.0352689,1.035268879,18508.38841,18508.38841,2.75E+00,1.637838457,0.912035068,52.35505132,14.28019522,2643.033998,1.752038903,17.57229464,3252.348545,-1.897525938,182.7309757,3.38E+04,4.48E+00,26.5140006,4907.314215,-2.788741658,89.93207127,1.66E+04,2.85E+00,322.941311,212.95712,0.719243635,4.7,202.9481354,0.746399577,161.6,6.949040371,NA,NA,-0.922271601,1.838682088,0
2017,2275.12,18.58229959,2.154928728,16083.058,1.95E+04,102.9384587,1.88368859,18943.35727,19139.47195,3.41E+00,2.369800784,1.725873015,52.50344056,14.15015791,2680.514967,0.563487672,17.53169517,3321.091651,2.113645106,190.9488236,3.62E+04,8.06E+00,27.14232024,5141.666694,4.775575158,90.48639863,1.71E+04,2.98E+00,324.985539,213.58734,0.633002942,4.1,204.8302591,0.927391472,135.4,-16.21287129,NA,NA,3.31892903,3.53841033,0
2018,2789.8,22.62210345,2.485817106,16884.571,2.05E+04,105.4460415,2.436001896,19441.22293,20012.49524,4.56E+00,2.927325732,2.391099533,52.14922092,14.14733812,2750.415542,1.548480577,17.6631131,3433.925194,3.397483551,180.0004713,3.50E+04,-1.43E+00,27.56442323,5358.860969,4.224199816,89.34782996,1.74E+04,1.34E+00,326.687501,213.925776,0.523703918,3.9,205.5826707,0.367334203,150.1,10.85672083,NA,NA,5.758466598,4.798151503,0
2019,2607.39,-6.538461538,3.478199834,17539.657,2.14E+04,107.4937459,1.941945236,19908.13495,20992.34025,4.90E+00,2.161176288,1.6781254,52.08587816,NA,NA,1.790141804,NA,NA,NA,192.3341463,3.83E+04,1.21E+01,26.38872679,5253.503342,-1.966045166,93.01430882,1.85E+04,6.60E+00,328.239523,214.146999,0.475078476,3.5,206.651854,0.520074623,152.9,1.865423051,NA,NA,2.136446173,2.266114252,0
2020,NA,NA,NA,NA,NA,NA,NA,NA,NA,NA,NA,NA,NA,NA,NA,NA,NA,NA,NA,NA,NA,NA,NA,NA,NA,NA,NA,NA,NA,NA,NA,NA,NA,NA,164.1,7.325049052,NA,NA,NA,NA,0